id,hazard-category,product-category
0,biological,"meat, egg and dairy products"
1,biological,"meat, egg and dairy products"
2,biological,"meat, egg and dairy products"
3,biological,"meat, egg and dairy products"
4,foreign bodies,ices and desserts
5,biological,non-alcoholic beverages
6,biological,"meat, egg and dairy products"
7,biological,"meat, egg and dairy products"
8,foreign bodies,prepared dishes and snacks
9,biological,seafood
10,biological,"meat, egg and dairy products"
11,biological,prepared dishes and snacks
12,allergens,ices and desserts
13,biological,"meat, egg and dairy products"
14,chemical,fats and oils
15,foreign bodies,cereals and bakery products
16,allergens,prepared dishes and snacks
17,packaging defect,alcoholic beverages
18,chemical,seafood
19,foreign bodies,cereals and bakery products
20,foreign bodies,"soups, broths, sauces and condiments"
21,allergens,prepared dishes and snacks
22,biological,"meat, egg and dairy products"
23,foreign bodies,"soups, broths, sauces and condiments"
24,allergens,"soups, broths, sauces and condiments"
25,allergens,"soups, broths, sauces and condiments"
26,allergens,cereals and bakery products
27,biological,"meat, egg and dairy products"
28,allergens,herbs and spices
29,foreign bodies,alcoholic beverages
30,organoleptic aspects,"meat, egg and dairy products"
31,fraud,"soups, broths, sauces and condiments"
32,allergens,ices and desserts
33,foreign bodies,prepared dishes and snacks
34,biological,"meat, egg and dairy products"
35,foreign bodies,"dietetic foods, food supplements, fortified foods"
36,allergens,"cocoa and cocoa preparations, coffee and tea"
37,fraud,cereals and bakery products
38,allergens,"cocoa and cocoa preparations, coffee and tea"
39,allergens,herbs and spices
40,allergens,cereals and bakery products
41,biological,"meat, egg and dairy products"
42,allergens,cereals and bakery products
43,foreign bodies,"meat, egg and dairy products"
44,allergens,fruits and vegetables
45,foreign bodies,seafood
46,fraud,prepared dishes and snacks
47,allergens,ices and desserts
48,biological,fruits and vegetables
49,chemical,"meat, egg and dairy products"
50,foreign bodies,"meat, egg and dairy products"
51,biological,"meat, egg and dairy products"
52,foreign bodies,cereals and bakery products
53,biological,non-alcoholic beverages
54,biological,"meat, egg and dairy products"
55,other hazard,cereals and bakery products
56,biological,non-alcoholic beverages
57,biological,"meat, egg and dairy products"
58,fraud,alcoholic beverages
59,other hazard,"meat, egg and dairy products"
60,biological,"meat, egg and dairy products"
61,biological,"meat, egg and dairy products"
62,foreign bodies,prepared dishes and snacks
63,biological,"nuts, nut products and seeds"
64,fraud,"soups, broths, sauces and condiments"
65,biological,ices and desserts
66,biological,ices and desserts
67,biological,ices and desserts
68,biological,ices and desserts
69,biological,ices and desserts
70,biological,ices and desserts
71,biological,ices and desserts
72,biological,prepared dishes and snacks
73,biological,ices and desserts
74,biological,ices and desserts
75,fraud,cereals and bakery products
76,biological,confectionery
77,allergens,prepared dishes and snacks
78,biological,"meat, egg and dairy products"
79,allergens,ices and desserts
80,foreign bodies,ices and desserts
81,chemical,fruits and vegetables
82,biological,"meat, egg and dairy products"
83,biological,"meat, egg and dairy products"
84,fraud,"nuts, nut products and seeds"
85,fraud,confectionery
86,biological,prepared dishes and snacks
87,biological,herbs and spices
88,biological,fruits and vegetables
89,biological,"meat, egg and dairy products"
90,biological,"meat, egg and dairy products"
91,organoleptic aspects,non-alcoholic beverages
92,biological,ices and desserts
93,foreign bodies,"meat, egg and dairy products"
94,food additives and flavourings,confectionery
95,allergens,cereals and bakery products
96,allergens,cereals and bakery products
97,biological,seafood
98,allergens,prepared dishes and snacks
99,biological,"nuts, nut products and seeds"
100,chemical,fats and oils
101,allergens,"meat, egg and dairy products"
102,biological,ices and desserts
103,biological,fruits and vegetables
104,foreign bodies,alcoholic beverages
105,allergens,cereals and bakery products
106,biological,cereals and bakery products
107,chemical,fruits and vegetables
108,chemical,fruits and vegetables
109,biological,prepared dishes and snacks
110,biological,prepared dishes and snacks
111,allergens,ices and desserts
112,allergens,seafood
113,biological,"meat, egg and dairy products"
114,allergens,"meat, egg and dairy products"
115,biological,"meat, egg and dairy products"
116,fraud,herbs and spices
117,allergens,prepared dishes and snacks
118,allergens,"meat, egg and dairy products"
119,allergens,cereals and bakery products
120,allergens,"meat, egg and dairy products"
121,organoleptic aspects,non-alcoholic beverages
122,allergens,"cocoa and cocoa preparations, coffee and tea"
123,allergens,"meat, egg and dairy products"
124,biological,"meat, egg and dairy products"
125,biological,"meat, egg and dairy products"
126,biological,"meat, egg and dairy products"
127,biological,"meat, egg and dairy products"
128,biological,"meat, egg and dairy products"
129,foreign bodies,cereals and bakery products
130,biological,"nuts, nut products and seeds"
131,fraud,"meat, egg and dairy products"
132,biological,fruits and vegetables
133,biological,prepared dishes and snacks
134,biological,"nuts, nut products and seeds"
135,biological,"nuts, nut products and seeds"
136,allergens,"meat, egg and dairy products"
137,biological,ices and desserts
138,biological,"cocoa and cocoa preparations, coffee and tea"
139,biological,"meat, egg and dairy products"
140,allergens,ices and desserts
141,biological,fruits and vegetables
142,foreign bodies,"meat, egg and dairy products"
143,fraud,"meat, egg and dairy products"
144,foreign bodies,prepared dishes and snacks
145,allergens,"meat, egg and dairy products"
146,foreign bodies,prepared dishes and snacks
147,fraud,"meat, egg and dairy products"
148,allergens,cereals and bakery products
149,allergens,"meat, egg and dairy products"
150,biological,seafood
151,allergens,ices and desserts
152,allergens,"cocoa and cocoa preparations, coffee and tea"
153,foreign bodies,"meat, egg and dairy products"
154,biological,"nuts, nut products and seeds"
155,allergens,"soups, broths, sauces and condiments"
156,biological,"nuts, nut products and seeds"
157,biological,"nuts, nut products and seeds"
158,biological,"nuts, nut products and seeds"
159,allergens,confectionery
160,biological,"nuts, nut products and seeds"
161,biological,"nuts, nut products and seeds"
162,allergens,cereals and bakery products
163,biological,"nuts, nut products and seeds"
164,biological,"nuts, nut products and seeds"
165,biological,cereals and bakery products
166,biological,"nuts, nut products and seeds"
167,biological,prepared dishes and snacks
168,biological,seafood
169,biological,"nuts, nut products and seeds"
170,biological,ices and desserts
171,biological,"meat, egg and dairy products"
172,foreign bodies,fruits and vegetables
173,biological,"meat, egg and dairy products"
174,foreign bodies,cereals and bakery products
175,biological,fruits and vegetables
176,fraud,"meat, egg and dairy products"
177,allergens,"meat, egg and dairy products"
178,packaging defect,alcoholic beverages
179,allergens,"soups, broths, sauces and condiments"
180,biological,"meat, egg and dairy products"
181,allergens,"meat, egg and dairy products"
182,allergens,ices and desserts
183,allergens,"cocoa and cocoa preparations, coffee and tea"
184,allergens,prepared dishes and snacks
185,biological,fruits and vegetables
186,allergens,fruits and vegetables
187,fraud,"meat, egg and dairy products"
188,allergens,"meat, egg and dairy products"
189,biological,"meat, egg and dairy products"
190,other hazard,prepared dishes and snacks
191,allergens,cereals and bakery products
192,fraud,"meat, egg and dairy products"
193,allergens,"meat, egg and dairy products"
194,biological,"nuts, nut products and seeds"
195,biological,"nuts, nut products and seeds"
196,foreign bodies,non-alcoholic beverages
197,other hazard,"meat, egg and dairy products"
198,allergens,"meat, egg and dairy products"
199,allergens,"meat, egg and dairy products"
200,allergens,"meat, egg and dairy products"
201,fraud,"meat, egg and dairy products"
202,allergens,"meat, egg and dairy products"
203,allergens,cereals and bakery products
204,foreign bodies,"meat, egg and dairy products"
205,foreign bodies,seafood
206,allergens,"nuts, nut products and seeds"
207,biological,"meat, egg and dairy products"
208,biological,"meat, egg and dairy products"
209,allergens,cereals and bakery products
210,foreign bodies,"meat, egg and dairy products"
211,allergens,"soups, broths, sauces and condiments"
212,biological,"meat, egg and dairy products"
213,organoleptic aspects,"meat, egg and dairy products"
214,fraud,"meat, egg and dairy products"
215,allergens,"meat, egg and dairy products"
216,foreign bodies,prepared dishes and snacks
217,allergens,"meat, egg and dairy products"
218,allergens,fruits and vegetables
219,organoleptic aspects,"meat, egg and dairy products"
220,allergens,prepared dishes and snacks
221,allergens,"meat, egg and dairy products"
222,biological,"meat, egg and dairy products"
223,allergens,"meat, egg and dairy products"
224,packaging defect,non-alcoholic beverages
225,foreign bodies,"meat, egg and dairy products"
226,biological,ices and desserts
227,biological,ices and desserts
228,fraud,"meat, egg and dairy products"
229,allergens,fruits and vegetables
230,fraud,"meat, egg and dairy products"
231,foreign bodies,fruits and vegetables
232,fraud,"meat, egg and dairy products"
233,fraud,"meat, egg and dairy products"
234,biological,"nuts, nut products and seeds"
235,allergens,"soups, broths, sauces and condiments"
236,allergens,fruits and vegetables
237,allergens,seafood
238,fraud,"meat, egg and dairy products"
239,allergens,"meat, egg and dairy products"
240,foreign bodies,alcoholic beverages
241,foreign bodies,alcoholic beverages
242,other hazard,"soups, broths, sauces and condiments"
243,other hazard,"dietetic foods, food supplements, fortified foods"
244,allergens,"cocoa and cocoa preparations, coffee and tea"
245,allergens,seafood
246,foreign bodies,"meat, egg and dairy products"
247,other hazard,"soups, broths, sauces and condiments"
248,allergens,"dietetic foods, food supplements, fortified foods"
249,packaging defect,alcoholic beverages
250,allergens,fruits and vegetables
251,allergens,"meat, egg and dairy products"
252,allergens,"meat, egg and dairy products"
253,allergens,"meat, egg and dairy products"
254,chemical,herbs and spices
255,allergens,"meat, egg and dairy products"
256,allergens,"meat, egg and dairy products"
257,allergens,fruits and vegetables
258,packaging defect,alcoholic beverages
259,foreign bodies,herbs and spices
260,biological,fruits and vegetables
261,allergens,"meat, egg and dairy products"
262,allergens,herbs and spices
263,biological,"meat, egg and dairy products"
264,fraud,"meat, egg and dairy products"
265,allergens,"meat, egg and dairy products"
266,allergens,cereals and bakery products
267,allergens,fruits and vegetables
268,biological,"meat, egg and dairy products"
269,allergens,"soups, broths, sauces and condiments"
270,allergens,fruits and vegetables
271,biological,"meat, egg and dairy products"
272,allergens,"meat, egg and dairy products"
273,foreign bodies,other food product / mixed
274,chemical,fats and oils
275,fraud,"meat, egg and dairy products"
276,fraud,"meat, egg and dairy products"
277,allergens,non-alcoholic beverages
278,allergens,herbs and spices
279,allergens,confectionery
280,biological,"meat, egg and dairy products"
281,fraud,"meat, egg and dairy products"
282,foreign bodies,"meat, egg and dairy products"
283,allergens,non-alcoholic beverages
284,biological,fruits and vegetables
285,biological,fruits and vegetables
286,fraud,"meat, egg and dairy products"
287,biological,"meat, egg and dairy products"
288,fraud,"meat, egg and dairy products"
289,allergens,"meat, egg and dairy products"
290,allergens,cereals and bakery products
291,allergens,"meat, egg and dairy products"
292,biological,"meat, egg and dairy products"
293,allergens,"meat, egg and dairy products"
294,allergens,cereals and bakery products
295,foreign bodies,cereals and bakery products
296,chemical,non-alcoholic beverages
297,allergens,herbs and spices
298,foreign bodies,"meat, egg and dairy products"
299,foreign bodies,cereals and bakery products
300,biological,fruits and vegetables
301,allergens,cereals and bakery products
302,allergens,cereals and bakery products
303,biological,fruits and vegetables
304,biological,"meat, egg and dairy products"
305,biological,cereals and bakery products
306,biological,"meat, egg and dairy products"
307,allergens,cereals and bakery products
308,foreign bodies,cereals and bakery products
309,allergens,cereals and bakery products
310,biological,"meat, egg and dairy products"
311,foreign bodies,cereals and bakery products
312,allergens,fruits and vegetables
313,biological,"cocoa and cocoa preparations, coffee and tea"
314,allergens,"cocoa and cocoa preparations, coffee and tea"
315,biological,"nuts, nut products and seeds"
316,allergens,cereals and bakery products
317,allergens,cereals and bakery products
318,biological,"nuts, nut products and seeds"
319,allergens,fruits and vegetables
320,allergens,confectionery
321,allergens,fruits and vegetables
322,allergens,"meat, egg and dairy products"
323,allergens,fruits and vegetables
324,biological,"soups, broths, sauces and condiments"
325,other hazard,prepared dishes and snacks
326,allergens,cereals and bakery products
327,allergens,"soups, broths, sauces and condiments"
328,allergens,cereals and bakery products
329,biological,"nuts, nut products and seeds"
330,biological,"nuts, nut products and seeds"
331,biological,"meat, egg and dairy products"
332,allergens,"soups, broths, sauces and condiments"
333,biological,other food product / mixed
334,biological,fruits and vegetables
335,biological,fruits and vegetables
336,biological,"nuts, nut products and seeds"
337,allergens,cereals and bakery products
338,biological,"meat, egg and dairy products"
339,biological,prepared dishes and snacks
340,biological,fruits and vegetables
341,foreign bodies,"meat, egg and dairy products"
342,biological,cereals and bakery products
343,biological,"nuts, nut products and seeds"
344,biological,cereals and bakery products
345,allergens,"dietetic foods, food supplements, fortified foods"
346,allergens,prepared dishes and snacks
347,fraud,"meat, egg and dairy products"
348,biological,"nuts, nut products and seeds"
349,biological,"nuts, nut products and seeds"
350,biological,"nuts, nut products and seeds"
351,biological,"nuts, nut products and seeds"
352,fraud,"meat, egg and dairy products"
353,biological,"meat, egg and dairy products"
354,biological,fruits and vegetables
355,biological,prepared dishes and snacks
356,biological,"nuts, nut products and seeds"
357,biological,"nuts, nut products and seeds"
358,allergens,"cocoa and cocoa preparations, coffee and tea"
359,fraud,"meat, egg and dairy products"
360,allergens,cereals and bakery products
361,biological,prepared dishes and snacks
362,biological,"meat, egg and dairy products"
363,allergens,"meat, egg and dairy products"
364,allergens,cereals and bakery products
365,chemical,seafood
366,allergens,prepared dishes and snacks
367,biological,cereals and bakery products
368,foreign bodies,"meat, egg and dairy products"
369,foreign bodies,cereals and bakery products
370,allergens,ices and desserts
371,chemical,herbs and spices
372,allergens,cereals and bakery products
373,allergens,"meat, egg and dairy products"
374,foreign bodies,ices and desserts
375,allergens,"nuts, nut products and seeds"
376,foreign bodies,"soups, broths, sauces and condiments"
377,allergens,cereals and bakery products
378,allergens,"nuts, nut products and seeds"
379,biological,ices and desserts
380,foreign bodies,"meat, egg and dairy products"
381,packaging defect,alcoholic beverages
382,allergens,"cocoa and cocoa preparations, coffee and tea"
383,allergens,cereals and bakery products
384,foreign bodies,"meat, egg and dairy products"
385,allergens,"cocoa and cocoa preparations, coffee and tea"
386,biological,"meat, egg and dairy products"
387,biological,seafood
388,fraud,"meat, egg and dairy products"
389,allergens,other food product / mixed
390,allergens,"meat, egg and dairy products"
391,other hazard,"meat, egg and dairy products"
392,biological,fruits and vegetables
393,allergens,"meat, egg and dairy products"
394,biological,"meat, egg and dairy products"
395,biological,fruits and vegetables
396,biological,seafood
397,biological,"meat, egg and dairy products"
398,other hazard,"meat, egg and dairy products"
399,foreign bodies,"dietetic foods, food supplements, fortified foods"
400,allergens,prepared dishes and snacks
401,biological,prepared dishes and snacks
402,allergens,cereals and bakery products
403,biological,"nuts, nut products and seeds"
404,biological,seafood
405,foreign bodies,prepared dishes and snacks
406,allergens,"soups, broths, sauces and condiments"
407,foreign bodies,"meat, egg and dairy products"
408,biological,prepared dishes and snacks
409,fraud,"meat, egg and dairy products"
410,biological,cereals and bakery products
411,fraud,prepared dishes and snacks
412,allergens,cereals and bakery products
413,foreign bodies,prepared dishes and snacks
414,allergens,fruits and vegetables
415,allergens,alcoholic beverages
416,biological,"meat, egg and dairy products"
417,foreign bodies,cereals and bakery products
418,allergens,"nuts, nut products and seeds"
419,other hazard,"cocoa and cocoa preparations, coffee and tea"
420,food additives and flavourings,confectionery
421,allergens,"soups, broths, sauces and condiments"
422,allergens,"soups, broths, sauces and condiments"
423,biological,"meat, egg and dairy products"
424,allergens,"cocoa and cocoa preparations, coffee and tea"
425,allergens,cereals and bakery products
426,allergens,"cocoa and cocoa preparations, coffee and tea"
427,biological,fruits and vegetables
428,biological,"meat, egg and dairy products"
429,allergens,cereals and bakery products
430,biological,fruits and vegetables
431,allergens,"soups, broths, sauces and condiments"
432,foreign bodies,"meat, egg and dairy products"
433,fraud,"meat, egg and dairy products"
434,allergens,cereals and bakery products
435,foreign bodies,"cocoa and cocoa preparations, coffee and tea"
436,allergens,"cocoa and cocoa preparations, coffee and tea"
437,biological,ices and desserts
438,biological,fruits and vegetables
439,fraud,seafood
440,foreign bodies,"meat, egg and dairy products"
441,allergens,"meat, egg and dairy products"
442,allergens,cereals and bakery products
443,foreign bodies,"meat, egg and dairy products"
444,biological,cereals and bakery products
445,allergens,prepared dishes and snacks
446,biological,cereals and bakery products
447,allergens,cereals and bakery products
448,biological,fruits and vegetables
449,biological,"meat, egg and dairy products"
450,allergens,"meat, egg and dairy products"
451,allergens,"meat, egg and dairy products"
452,allergens,seafood
453,allergens,seafood
454,allergens,cereals and bakery products
455,biological,"meat, egg and dairy products"
456,allergens,"dietetic foods, food supplements, fortified foods"
457,allergens,prepared dishes and snacks
458,allergens,"meat, egg and dairy products"
459,organoleptic aspects,"meat, egg and dairy products"
460,chemical,"meat, egg and dairy products"
461,allergens,"meat, egg and dairy products"
462,biological,"meat, egg and dairy products"
463,foreign bodies,"meat, egg and dairy products"
464,biological,"meat, egg and dairy products"
465,biological,prepared dishes and snacks
466,chemical,herbs and spices
467,allergens,"cocoa and cocoa preparations, coffee and tea"
468,allergens,"meat, egg and dairy products"
469,allergens,"dietetic foods, food supplements, fortified foods"
470,biological,"meat, egg and dairy products"
471,allergens,"meat, egg and dairy products"
472,allergens,"cocoa and cocoa preparations, coffee and tea"
473,allergens,seafood
474,allergens,prepared dishes and snacks
475,foreign bodies,"meat, egg and dairy products"
476,allergens,cereals and bakery products
477,allergens,"dietetic foods, food supplements, fortified foods"
478,allergens,cereals and bakery products
479,biological,"meat, egg and dairy products"
480,allergens,prepared dishes and snacks
481,biological,seafood
482,biological,prepared dishes and snacks
483,allergens,"nuts, nut products and seeds"
484,biological,seafood
485,biological,"meat, egg and dairy products"
486,allergens,"nuts, nut products and seeds"
487,allergens,"nuts, nut products and seeds"
488,chemical,"meat, egg and dairy products"
489,allergens,cereals and bakery products
490,foreign bodies,cereals and bakery products
491,allergens,"meat, egg and dairy products"
492,packaging defect,alcoholic beverages
493,biological,"meat, egg and dairy products"
494,allergens,seafood
495,biological,"meat, egg and dairy products"
496,biological,fruits and vegetables
497,biological,prepared dishes and snacks
498,packaging defect,alcoholic beverages
499,biological,cereals and bakery products
500,allergens,"cocoa and cocoa preparations, coffee and tea"
501,biological,herbs and spices
502,biological,"meat, egg and dairy products"
503,chemical,"meat, egg and dairy products"
504,allergens,cereals and bakery products
505,foreign bodies,"meat, egg and dairy products"
506,allergens,"soups, broths, sauces and condiments"
507,allergens,"meat, egg and dairy products"
508,allergens,"meat, egg and dairy products"
509,biological,"meat, egg and dairy products"
510,allergens,fruits and vegetables
511,allergens,"soups, broths, sauces and condiments"
512,allergens,"cocoa and cocoa preparations, coffee and tea"
513,food additives and flavourings,fruits and vegetables
514,fraud,prepared dishes and snacks
515,allergens,"meat, egg and dairy products"
516,biological,"cocoa and cocoa preparations, coffee and tea"
517,biological,prepared dishes and snacks
518,allergens,"nuts, nut products and seeds"
519,allergens,seafood
520,biological,prepared dishes and snacks
521,biological,"dietetic foods, food supplements, fortified foods"
522,allergens,confectionery
523,biological,"meat, egg and dairy products"
524,chemical,"dietetic foods, food supplements, fortified foods"
525,allergens,herbs and spices
526,biological,"nuts, nut products and seeds"
527,foreign bodies,"meat, egg and dairy products"
528,biological,"meat, egg and dairy products"
529,biological,"meat, egg and dairy products"
530,biological,prepared dishes and snacks
531,biological,"meat, egg and dairy products"
532,biological,fruits and vegetables
533,biological,"meat, egg and dairy products"
534,foreign bodies,"soups, broths, sauces and condiments"
535,allergens,"soups, broths, sauces and condiments"
536,allergens,"soups, broths, sauces and condiments"
537,allergens,ices and desserts
538,allergens,fruits and vegetables
539,packaging defect,alcoholic beverages
540,allergens,"soups, broths, sauces and condiments"
541,biological,"meat, egg and dairy products"
542,fraud,prepared dishes and snacks
543,allergens,cereals and bakery products
544,biological,fruits and vegetables
545,biological,"cocoa and cocoa preparations, coffee and tea"
546,foreign bodies,"dietetic foods, food supplements, fortified foods"
547,biological,cereals and bakery products
548,fraud,"meat, egg and dairy products"
549,biological,fruits and vegetables
550,foreign bodies,"soups, broths, sauces and condiments"
551,chemical,cereals and bakery products
552,allergens,prepared dishes and snacks
553,chemical,food additives and flavourings
554,allergens,"soups, broths, sauces and condiments"
555,fraud,"meat, egg and dairy products"
556,fraud,fruits and vegetables
557,biological,prepared dishes and snacks
558,biological,prepared dishes and snacks
559,biological,"meat, egg and dairy products"
560,allergens,prepared dishes and snacks
561,biological,prepared dishes and snacks
562,foreign bodies,cereals and bakery products
563,biological,fruits and vegetables
564,foreign bodies,ices and desserts
565,allergens,ices and desserts
566,biological,"cocoa and cocoa preparations, coffee and tea"
567,allergens,"meat, egg and dairy products"
568,foreign bodies,fruits and vegetables
569,biological,"meat, egg and dairy products"
570,allergens,confectionery
571,biological,"meat, egg and dairy products"
572,other hazard,non-alcoholic beverages
573,fraud,"meat, egg and dairy products"
574,biological,prepared dishes and snacks
575,biological,seafood
576,foreign bodies,"meat, egg and dairy products"
577,biological,"soups, broths, sauces and condiments"
578,allergens,ices and desserts
579,allergens,confectionery
580,biological,"nuts, nut products and seeds"
581,fraud,non-alcoholic beverages
582,biological,fruits and vegetables
583,foreign bodies,ices and desserts
584,allergens,"meat, egg and dairy products"
585,allergens,fruits and vegetables
586,biological,fruits and vegetables
587,chemical,herbs and spices
588,biological,"nuts, nut products and seeds"
589,foreign bodies,"meat, egg and dairy products"
590,allergens,"dietetic foods, food supplements, fortified foods"
591,allergens,"meat, egg and dairy products"
592,biological,"nuts, nut products and seeds"
593,organoleptic aspects,"meat, egg and dairy products"
594,biological,"meat, egg and dairy products"
595,biological,other food product / mixed
596,allergens,"cocoa and cocoa preparations, coffee and tea"
597,allergens,"dietetic foods, food supplements, fortified foods"
598,foreign bodies,fruits and vegetables
599,allergens,cereals and bakery products
600,allergens,herbs and spices
601,food additives and flavourings,confectionery
602,biological,"meat, egg and dairy products"
603,biological,fruits and vegetables
604,biological,"nuts, nut products and seeds"
605,foreign bodies,cereals and bakery products
606,packaging defect,alcoholic beverages
607,foreign bodies,"meat, egg and dairy products"
608,fraud,seafood
609,biological,"meat, egg and dairy products"
610,biological,fruits and vegetables
611,allergens,cereals and bakery products
612,fraud,seafood
613,biological,"meat, egg and dairy products"
614,allergens,cereals and bakery products
615,allergens,"dietetic foods, food supplements, fortified foods"
616,other hazard,"meat, egg and dairy products"
617,allergens,"dietetic foods, food supplements, fortified foods"
618,allergens,"cocoa and cocoa preparations, coffee and tea"
619,foreign bodies,herbs and spices
620,allergens,"soups, broths, sauces and condiments"
621,chemical,fats and oils
622,allergens,cereals and bakery products
623,chemical,non-alcoholic beverages
624,foreign bodies,"soups, broths, sauces and condiments"
625,foreign bodies,"meat, egg and dairy products"
626,allergens,"cocoa and cocoa preparations, coffee and tea"
627,fraud,seafood
628,allergens,"cocoa and cocoa preparations, coffee and tea"
629,allergens,"dietetic foods, food supplements, fortified foods"
630,allergens,"cocoa and cocoa preparations, coffee and tea"
631,foreign bodies,"meat, egg and dairy products"
632,biological,"meat, egg and dairy products"
633,biological,"meat, egg and dairy products"
634,allergens,"nuts, nut products and seeds"
635,allergens,prepared dishes and snacks
636,other hazard,"meat, egg and dairy products"
637,biological,cereals and bakery products
638,biological,"meat, egg and dairy products"
639,biological,"meat, egg and dairy products"
640,allergens,"cocoa and cocoa preparations, coffee and tea"
641,foreign bodies,cereals and bakery products
642,foreign bodies,confectionery
643,biological,"cocoa and cocoa preparations, coffee and tea"
644,allergens,cereals and bakery products
645,fraud,"meat, egg and dairy products"
646,foreign bodies,"meat, egg and dairy products"
647,foreign bodies,"meat, egg and dairy products"
648,biological,fruits and vegetables
649,foreign bodies,confectionery
650,allergens,"meat, egg and dairy products"
651,biological,"meat, egg and dairy products"
652,biological,fruits and vegetables
653,foreign bodies,"dietetic foods, food supplements, fortified foods"
654,biological,"meat, egg and dairy products"
655,foreign bodies,cereals and bakery products
656,allergens,cereals and bakery products
657,allergens,"cocoa and cocoa preparations, coffee and tea"
658,allergens,prepared dishes and snacks
659,allergens,"dietetic foods, food supplements, fortified foods"
660,allergens,ices and desserts
661,allergens,"cocoa and cocoa preparations, coffee and tea"
662,allergens,herbs and spices
663,allergens,cereals and bakery products
664,allergens,"meat, egg and dairy products"
665,allergens,cereals and bakery products
666,chemical,seafood
667,biological,"meat, egg and dairy products"
668,fraud,"meat, egg and dairy products"
669,allergens,ices and desserts
670,allergens,"cocoa and cocoa preparations, coffee and tea"
671,biological,fruits and vegetables
672,biological,seafood
673,allergens,fruits and vegetables
674,biological,seafood
675,biological,"meat, egg and dairy products"
676,foreign bodies,cereals and bakery products
677,allergens,cereals and bakery products
678,biological,"cocoa and cocoa preparations, coffee and tea"
679,allergens,"meat, egg and dairy products"
680,allergens,seafood
681,allergens,"meat, egg and dairy products"
682,allergens,"cocoa and cocoa preparations, coffee and tea"
683,biological,seafood
684,chemical,non-alcoholic beverages
685,other hazard,"meat, egg and dairy products"
686,foreign bodies,"meat, egg and dairy products"
687,allergens,"soups, broths, sauces and condiments"
688,biological,cereals and bakery products
689,biological,"cocoa and cocoa preparations, coffee and tea"
690,biological,"meat, egg and dairy products"
691,biological,"meat, egg and dairy products"
692,biological,"meat, egg and dairy products"
693,biological,"meat, egg and dairy products"
694,biological,"meat, egg and dairy products"
695,biological,prepared dishes and snacks
696,foreign bodies,ices and desserts
697,biological,fruits and vegetables
698,biological,"meat, egg and dairy products"
699,biological,"meat, egg and dairy products"
700,fraud,"meat, egg and dairy products"
701,foreign bodies,"meat, egg and dairy products"
702,biological,"meat, egg and dairy products"
703,allergens,"meat, egg and dairy products"
704,biological,prepared dishes and snacks
705,allergens,"soups, broths, sauces and condiments"
706,biological,"meat, egg and dairy products"
707,foreign bodies,"meat, egg and dairy products"
708,biological,"meat, egg and dairy products"
709,biological,"meat, egg and dairy products"
710,organoleptic aspects,"soups, broths, sauces and condiments"
711,fraud,"meat, egg and dairy products"
712,biological,fruits and vegetables
713,foreign bodies,"meat, egg and dairy products"
714,biological,"meat, egg and dairy products"
715,biological,"meat, egg and dairy products"
716,fraud,seafood
717,allergens,"soups, broths, sauces and condiments"
718,allergens,"meat, egg and dairy products"
719,allergens,cereals and bakery products
720,biological,"meat, egg and dairy products"
721,biological,"meat, egg and dairy products"
722,biological,"meat, egg and dairy products"
723,allergens,cereals and bakery products
724,biological,"meat, egg and dairy products"
725,allergens,"cocoa and cocoa preparations, coffee and tea"
726,biological,prepared dishes and snacks
727,biological,prepared dishes and snacks
728,biological,prepared dishes and snacks
729,biological,prepared dishes and snacks
730,allergens,cereals and bakery products
731,allergens,"cocoa and cocoa preparations, coffee and tea"
732,foreign bodies,confectionery
733,chemical,"meat, egg and dairy products"
734,packaging defect,"soups, broths, sauces and condiments"
735,allergens,cereals and bakery products
736,biological,seafood
737,chemical,"meat, egg and dairy products"
738,allergens,prepared dishes and snacks
739,allergens,"soups, broths, sauces and condiments"
740,allergens,"meat, egg and dairy products"
741,allergens,"meat, egg and dairy products"
742,allergens,"soups, broths, sauces and condiments"
743,biological,fruits and vegetables
744,foreign bodies,fruits and vegetables
745,allergens,seafood
746,packaging defect,"soups, broths, sauces and condiments"
747,allergens,"soups, broths, sauces and condiments"
748,allergens,"cocoa and cocoa preparations, coffee and tea"
749,biological,fruits and vegetables
750,allergens,prepared dishes and snacks
751,chemical,seafood
752,allergens,prepared dishes and snacks
753,allergens,seafood
754,allergens,ices and desserts
755,allergens,prepared dishes and snacks
756,allergens,cereals and bakery products
757,allergens,cereals and bakery products
758,allergens,"soups, broths, sauces and condiments"
759,foreign bodies,prepared dishes and snacks
760,allergens,"nuts, nut products and seeds"
761,biological,"meat, egg and dairy products"
762,biological,fruits and vegetables
763,biological,"meat, egg and dairy products"
764,packaging defect,"nuts, nut products and seeds"
765,allergens,cereals and bakery products
766,foreign bodies,ices and desserts
767,biological,"meat, egg and dairy products"
768,allergens,"soups, broths, sauces and condiments"
769,other hazard,"meat, egg and dairy products"
770,allergens,prepared dishes and snacks
771,allergens,prepared dishes and snacks
772,allergens,seafood
773,biological,"meat, egg and dairy products"
774,biological,"meat, egg and dairy products"
775,allergens,ices and desserts
776,biological,seafood
777,allergens,herbs and spices
778,biological,"meat, egg and dairy products"
779,allergens,cereals and bakery products
780,allergens,cereals and bakery products
781,fraud,"meat, egg and dairy products"
782,biological,fruits and vegetables
783,foreign bodies,prepared dishes and snacks
784,biological,"meat, egg and dairy products"
785,biological,fruits and vegetables
786,allergens,fruits and vegetables
787,other hazard,confectionery
788,allergens,"soups, broths, sauces and condiments"
789,allergens,non-alcoholic beverages
790,allergens,cereals and bakery products
791,allergens,"meat, egg and dairy products"
792,allergens,confectionery
793,allergens,"dietetic foods, food supplements, fortified foods"
794,allergens,cereals and bakery products
795,biological,"meat, egg and dairy products"
796,allergens,"meat, egg and dairy products"
797,foreign bodies,fruits and vegetables
798,foreign bodies,cereals and bakery products
799,biological,seafood
800,allergens,"meat, egg and dairy products"
801,organoleptic aspects,"soups, broths, sauces and condiments"
802,foreign bodies,"meat, egg and dairy products"
803,allergens,"meat, egg and dairy products"
804,fraud,food additives and flavourings
805,biological,fruits and vegetables
806,allergens,cereals and bakery products
807,other hazard,confectionery
808,foreign bodies,cereals and bakery products
809,biological,prepared dishes and snacks
810,biological,"dietetic foods, food supplements, fortified foods"
811,allergens,"meat, egg and dairy products"
812,biological,"meat, egg and dairy products"
813,allergens,cereals and bakery products
814,allergens,"soups, broths, sauces and condiments"
815,biological,"meat, egg and dairy products"
816,fraud,alcoholic beverages
817,foreign bodies,"dietetic foods, food supplements, fortified foods"
818,chemical,cereals and bakery products
819,biological,cereals and bakery products
820,allergens,fruits and vegetables
821,allergens,confectionery
822,chemical,cereals and bakery products
823,chemical,"nuts, nut products and seeds"
824,biological,seafood
825,allergens,cereals and bakery products
826,fraud,fruits and vegetables
827,chemical,fruits and vegetables
828,fraud,"meat, egg and dairy products"
829,allergens,"nuts, nut products and seeds"
830,allergens,"cocoa and cocoa preparations, coffee and tea"
831,allergens,"soups, broths, sauces and condiments"
832,foreign bodies,"meat, egg and dairy products"
833,chemical,cereals and bakery products
834,biological,seafood
835,allergens,cereals and bakery products
836,allergens,seafood
837,allergens,cereals and bakery products
838,foreign bodies,fruits and vegetables
839,chemical,seafood
840,allergens,prepared dishes and snacks
841,organoleptic aspects,non-alcoholic beverages
842,biological,"meat, egg and dairy products"
843,allergens,"soups, broths, sauces and condiments"
844,packaging defect,"soups, broths, sauces and condiments"
845,allergens,"nuts, nut products and seeds"
846,allergens,seafood
847,fraud,"dietetic foods, food supplements, fortified foods"
848,allergens,cereals and bakery products
849,chemical,"cocoa and cocoa preparations, coffee and tea"
850,allergens,"meat, egg and dairy products"
851,allergens,cereals and bakery products
852,biological,"meat, egg and dairy products"
853,chemical,seafood
854,allergens,"nuts, nut products and seeds"
855,allergens,"cocoa and cocoa preparations, coffee and tea"
856,allergens,cereals and bakery products
857,chemical,fruits and vegetables
858,fraud,"soups, broths, sauces and condiments"
859,allergens,fruits and vegetables
860,biological,"soups, broths, sauces and condiments"
861,allergens,cereals and bakery products
862,biological,seafood
863,foreign bodies,"meat, egg and dairy products"
864,allergens,"dietetic foods, food supplements, fortified foods"
865,biological,"meat, egg and dairy products"
866,biological,fruits and vegetables
867,allergens,cereals and bakery products
868,allergens,"nuts, nut products and seeds"
869,allergens,"nuts, nut products and seeds"
870,biological,cereals and bakery products
871,biological,"meat, egg and dairy products"
872,fraud,confectionery
873,allergens,prepared dishes and snacks
874,allergens,"cocoa and cocoa preparations, coffee and tea"
875,allergens,"nuts, nut products and seeds"
876,allergens,cereals and bakery products
877,allergens,prepared dishes and snacks
878,fraud,cereals and bakery products
879,allergens,prepared dishes and snacks
880,allergens,cereals and bakery products
881,allergens,cereals and bakery products
882,biological,fruits and vegetables
883,biological,herbs and spices
884,allergens,"nuts, nut products and seeds"
885,biological,pet feed
886,allergens,fruits and vegetables
887,biological,seafood
888,allergens,"soups, broths, sauces and condiments"
889,allergens,ices and desserts
890,allergens,cereals and bakery products
891,allergens,fruits and vegetables
892,chemical,seafood
893,allergens,cereals and bakery products
894,other hazard,confectionery
895,biological,"meat, egg and dairy products"
896,biological,fruits and vegetables
897,biological,herbs and spices
898,chemical,pet feed
899,allergens,prepared dishes and snacks
900,allergens,seafood
901,biological,"meat, egg and dairy products"
902,chemical,cereals and bakery products
903,allergens,cereals and bakery products
904,biological,fruits and vegetables
905,biological,cereals and bakery products
906,chemical,"dietetic foods, food supplements, fortified foods"
907,chemical,non-alcoholic beverages
908,allergens,cereals and bakery products
909,fraud,other food product / mixed
910,foreign bodies,"soups, broths, sauces and condiments"
911,biological,prepared dishes and snacks
912,allergens,"meat, egg and dairy products"
913,biological,prepared dishes and snacks
914,foreign bodies,prepared dishes and snacks
915,chemical,other food product / mixed
916,chemical,non-alcoholic beverages
917,chemical,non-alcoholic beverages
918,foreign bodies,"meat, egg and dairy products"
919,biological,seafood
920,biological,seafood
921,foreign bodies,ices and desserts
922,chemical,herbs and spices
923,biological,fruits and vegetables
924,biological,seafood
925,chemical,herbs and spices
926,biological,"soups, broths, sauces and condiments"
927,foreign bodies,prepared dishes and snacks
928,biological,"dietetic foods, food supplements, fortified foods"
929,allergens,cereals and bakery products
930,allergens,fruits and vegetables
931,chemical,prepared dishes and snacks
932,allergens,"meat, egg and dairy products"
933,allergens,"cocoa and cocoa preparations, coffee and tea"
934,allergens,"dietetic foods, food supplements, fortified foods"
935,fraud,fruits and vegetables
936,foreign bodies,"meat, egg and dairy products"
937,allergens,fruits and vegetables
938,allergens,"soups, broths, sauces and condiments"
939,biological,seafood
940,chemical,seafood
941,allergens,"cocoa and cocoa preparations, coffee and tea"
942,allergens,cereals and bakery products
943,foreign bodies,cereals and bakery products
944,organoleptic aspects,fruits and vegetables
945,allergens,"cocoa and cocoa preparations, coffee and tea"
946,fraud,seafood
947,biological,"soups, broths, sauces and condiments"
948,fraud,"meat, egg and dairy products"
949,biological,"meat, egg and dairy products"
950,allergens,"cocoa and cocoa preparations, coffee and tea"
951,foreign bodies,"soups, broths, sauces and condiments"
952,fraud,fruits and vegetables
953,allergens,cereals and bakery products
954,allergens,"dietetic foods, food supplements, fortified foods"
955,biological,fruits and vegetables
956,biological,fruits and vegetables
957,biological,fruits and vegetables
958,fraud,fruits and vegetables
959,biological,"meat, egg and dairy products"
960,biological,seafood
961,other hazard,confectionery
962,allergens,non-alcoholic beverages
963,chemical,cereals and bakery products
964,biological,seafood
965,biological,"nuts, nut products and seeds"
966,biological,confectionery
967,allergens,cereals and bakery products
968,biological,"nuts, nut products and seeds"
969,allergens,cereals and bakery products
970,allergens,"soups, broths, sauces and condiments"
971,biological,seafood
972,foreign bodies,"meat, egg and dairy products"
973,biological,"meat, egg and dairy products"
974,allergens,"soups, broths, sauces and condiments"
975,biological,prepared dishes and snacks
976,biological,"nuts, nut products and seeds"
977,biological,"nuts, nut products and seeds"
978,allergens,ices and desserts
979,allergens,"dietetic foods, food supplements, fortified foods"
980,biological,"nuts, nut products and seeds"
981,allergens,prepared dishes and snacks
982,biological,seafood
983,biological,"meat, egg and dairy products"
984,biological,fruits and vegetables
985,allergens,prepared dishes and snacks
986,allergens,"soups, broths, sauces and condiments"
987,fraud,"meat, egg and dairy products"
988,chemical,honey and royal jelly
989,allergens,cereals and bakery products
990,allergens,cereals and bakery products
991,allergens,"cocoa and cocoa preparations, coffee and tea"
992,allergens,"meat, egg and dairy products"
993,biological,fruits and vegetables
994,biological,seafood
995,chemical,confectionery
996,allergens,"cocoa and cocoa preparations, coffee and tea"
